{
  "avg_dps": 81.01581947530688,
  "avg_time": 120.09999999999505,
  "runs": 1000,
  "win_rate": 0
}