{
  "avg_dps": 143.42352815634322,
  "avg_time": 120.09999999999505,
  "by_hero": {
    "aqua_mage": {
      "ratio": 0.5816454336466541,
      "total": 10018939.074999962
    },
    "pyro_knight": {
      "ratio": 0.1396102317650383,
      "total": 2404809.3999999883
    },
    "storm_rogue": {
      "ratio": 0.2880330695218911,
      "total": 4961417.4
    }
  },
  "by_skill": {
    "aqua.basic": {
      "ratio": 0.2603208733976822,
      "total": 4484070.224999968
    },
    "aqua.burst": {
      "ratio": 0.3120358253153886,
      "total": 5374868.850000113
    },
    "pyro.burst": {
      "ratio": 0.1396102317650383,
      "total": 2404809.3999999883
    },
    "storm.burst": {
      "ratio": 0.2880330695218911,
      "total": 4961417.4
    }
  },
  "runs": 1000,
  "total_damage": 17225165.875000067,
  "win_rate": 0
}